"iati-identifier","title","reporting-org","total-commitment","total-spend","currency","link","activity-status"
"XI-IATI-EC_INTPA-2013-ACT-D-24834-00","Poverty Reduction Programme IV","European Commission - International Partnerships","19,632,966",0,"USD","https://d-portal.org/ctrack.html#view=act&aid=XI-IATI-EC_INTPA-2013-ACT-D-24834-00",2
"XI-IATI-EC_INTPA-2023-PC-31885","Ex-post Evaluation of the Justice Security Accountability and Transparency Project","European Commission - International Partnerships","105,474","42,189","USD","https://d-portal.org/ctrack.html#view=act&aid=XI-IATI-EC_INTPA-2023-PC-31885",2
"XM-DAC-41301-745166","GCF Delivery Partner Fee for the project GCP /JAM/025/GCR","Food and Agriculture Organization of the United Nations (FAO)","23,502",0,"USD","https://d-portal.org/ctrack.html#view=act&aid=XM-DAC-41301-745166",2
"XM-DAC-41301-690502","ADAPT-JAMAICA Enhancing climate change resilience of vulnerable smallholders in Central Jamaica(PPF)","Food and Agriculture Organization of the United Nations (FAO)","276,497","182,070","USD","https://d-portal.org/ctrack.html#view=act&aid=XM-DAC-41301-690502",2
"XM-DAC-45001-B407","Caribbean: Development of value added products and intra-regional trade to enhance livelihoods from coconuts II","International Trade Centre (ITC)","2,043,818","5,334,693","USD","https://d-portal.org/ctrack.html#view=act&aid=XM-DAC-45001-B407",2
"XM-DAC-41304-549RLA4001","Creative Caribbean: An Ecosystem of 'Play' for Growth and Development","United Nations Educational, Scientific and Cultural Organization (UNESCO)","3,649,650","1,616","USD","https://d-portal.org/ctrack.html#view=act&aid=XM-DAC-41304-549RLA4001",2
"XI-IATI-EC_INTPA-2013-ACT-D-24523-00","Justice, Security, Accountability and Transparency (JSAT) Project","European Commission - International Partnerships","19,403,542",0,"USD","https://d-portal.org/ctrack.html#view=act&aid=XI-IATI-EC_INTPA-2013-ACT-D-24523-00",2
"XI-IATI-EC_INTPA-2021-PCC-428618","Enhancing the capacity for management of dry forests in the Portland Bight Protected Area, Jamaica","European Commission - International Partnerships","338,598","268,994","USD","https://d-portal.org/ctrack.html#view=act&aid=XI-IATI-EC_INTPA-2021-PCC-428618",2
"CA-3-P011782001","UNICEF - COVID-19 Vaccination Delivery and Health System Strengthening","Canada - Global Affairs Canada | Affaires mondiales Canada","80,951,370","80,904,384","USD","https://d-portal.org/ctrack.html#view=act&aid=CA-3-P011782001",2
"44000-P146965","Jamaica Disaster Vulnerability Reduction Project","The World Bank","30,000,000","28,304,036","USD","https://d-portal.org/ctrack.html#view=act&aid=44000-P146965",2
"CA-3-P011782002","COVID-19 Vaccination Delivery and Health System Strengthening","Canada - Global Affairs Canada | Affaires mondiales Canada","44,155,292","44,155,292","USD","https://d-portal.org/ctrack.html#view=act&aid=CA-3-P011782002",2
"XI-IATI-EC_INTPA-2021-PCC-428606","Conserving the Forests of the Blue and John Crow Mountains","European Commission - International Partnerships","316,510","263,457","USD","https://d-portal.org/ctrack.html#view=act&aid=XI-IATI-EC_INTPA-2021-PCC-428606",2
"US-GOV-1-72053221CA00002","Strengthening Energy Sector Resilience in Jamaica","United States Agency for International Development (USAID)","4,499,999","3,433,234","USD","https://d-portal.org/ctrack.html#view=act&aid=US-GOV-1-72053221CA00002",3
"XM-DAC-41301-724562","Piloting a National Fisheries and Aquaculture Extension Strategy of Jamaica [N-FAS)","Food and Agriculture Organization of the United Nations (FAO)","50,000",0,"USD","https://d-portal.org/ctrack.html#view=act&aid=XM-DAC-41301-724562",2
"US-GOV-1-AID-EGEE-P-17-00004","USAID redacted this field in accordance with the exceptions outlined in the Foreign Aid Transparency and Accountability Act of 2016.","United States Agency for International Development (USAID)","24,992,060","23,842,164","USD","https://d-portal.org/ctrack.html#view=act&aid=US-GOV-1-AID-EGEE-P-17-00004",3
"US-GOV-21-52864","Promoting Climate Smart Agriculture through Adaptable Technology -Jamaica","Inter-American Foundation","125,000",0,"USD","https://d-portal.org/ctrack.html#view=act&aid=US-GOV-21-52864",3
"GB-GOV-1-301533-413","Enabling Fund - Trial Year - Sexual Harassment Sensitization Workshops for Students at University","UK - Foreign, Commonwealth and Development Office","18,282",0,"USD","https://d-portal.org/ctrack.html#view=act&aid=GB-GOV-1-301533-413",2
"XI-IATI-EC_INTPA-2023-PC-29854","Expenditure Verification for the contract 421-086  Programme Estimate H2O: 'A JAMAICAN PATH FROM HILLS TO OCEAN' - YEAR 2","European Commission - International Partnerships","15,006",0,"USD","https://d-portal.org/ctrack.html#view=act&aid=XI-IATI-EC_INTPA-2023-PC-29854",2
"XI-BRIDGE-6385676864-10655","GEF SGP 7th Operational Phase - Strategic Implementation using STAR Resources mainly in LDCs and SIDs (Part 3)","GEF Secretariat","43,937,624",0,"USD","https://d-portal.org/ctrack.html#view=act&aid=XI-BRIDGE-6385676864-10655",2
"XI-IATI-EC_INTPA-2023-PC-31335","Organisation and implementation of the second edition of the EU-JA 5K and 10K run","European Commission - International Partnerships","73,799","29,519","USD","https://d-portal.org/ctrack.html#view=act&aid=XI-IATI-EC_INTPA-2023-PC-31335",2
"XI-IATI-IADB-JA-L1079","Skills Development for Global Services in Jamaica","Inter-American Development Bank","13,901,820","13,901,820","USD","https://d-portal.org/ctrack.html#view=act&aid=XI-IATI-IADB-JA-L1079",2
"US-GOV-21-51861","Strengthening of the National Conservation Trust Fund of Jamaica to support civil society organizations andenable vulnerable communities to sustainably use and manage Jamaica`s rich biodiversity","Inter-American Foundation","340,445","51,360","USD","https://d-portal.org/ctrack.html#view=act&aid=US-GOV-21-51861",3
"US-GOV-21-52717","Strengthening of the National Conservation Trust Fund of Jamaica to support civil society organizations andenable vulnerable communities to sustainably use and manage Jamaica`s rich biodiversity","Inter-American Foundation","84,303","84,303","USD","https://d-portal.org/ctrack.html#view=act&aid=US-GOV-21-52717",3
"XI-IATI-EC_INTPA-2023-PC-30095","Expenditure Verification Works Contract CTR.397-327 Rehabilitation and Construction of Infrastructure at the National Police College of Jamaica","European Commission - International Partnerships","15,789",0,"USD","https://d-portal.org/ctrack.html#view=act&aid=XI-IATI-EC_INTPA-2023-PC-30095",2
"US-GOV-1-AID-EGEE-T-16-00001","Forest and Natural Resource Management II PAPA with USDA/US Forest Service","United States Agency for International Development (USAID)","43,690,808","41,650,104","USD","https://d-portal.org/ctrack.html#view=act&aid=US-GOV-1-AID-EGEE-T-16-00001",2
"CA-3-D004678001","Climate Change Action for Gender-Sensitive Resilience","Canada - Global Affairs Canada | Affaires mondiales Canada","11,390,960","11,351,827","USD","https://d-portal.org/ctrack.html#view=act&aid=CA-3-D004678001",2
"XM-DAC-41114-OUTPUT-00125712","Communication &amp; Behaviour Chan","United Nations Development Programme (UNDP)","41,603","19,850","USD","https://d-portal.org/ctrack.html#view=act&aid=XM-DAC-41114-OUTPUT-00125712",2
"CA-3-P005001001","Skills to Access the Green Economy","Canada - Global Affairs Canada | Affaires mondiales Canada","14,428,549","10,261,401","USD","https://d-portal.org/ctrack.html#view=act&aid=CA-3-P005001001",2
"XM-DAC-41114-OUTPUT-00112772","Gender Equality Mainstreaming","United Nations Development Programme (UNDP)","121,973","111,233","USD","https://d-portal.org/ctrack.html#view=act&aid=XM-DAC-41114-OUTPUT-00112772",2
"XM-DAC-41114-OUTPUT-00112773","Gender Responsive NAP &amp; NAMA","United Nations Development Programme (UNDP)","275,186","289,010","USD","https://d-portal.org/ctrack.html#view=act&aid=XM-DAC-41114-OUTPUT-00112773",2
"XM-DAC-41114-OUTPUT-00112774","Project Management Costs","United Nations Development Programme (UNDP)","152,707","147,140","USD","https://d-portal.org/ctrack.html#view=act&aid=XM-DAC-41114-OUTPUT-00112774",2
"US-GOV-1-7200AA18N00001","USAID redacted this field in accordance with the exceptions outlined in the Foreign Aid Transparency and Accountability Act of 2016.","United States Agency for International Development (USAID)","49,693,812","44,571,728","USD","https://d-portal.org/ctrack.html#view=act&aid=US-GOV-1-7200AA18N00001",3
"US-GOV-21-52826","Training and Economic Empowerment of Marginalized Women","Inter-American Foundation","33,976","33,976","USD","https://d-portal.org/ctrack.html#view=act&aid=US-GOV-21-52826",3
"US-GOV-21-52828","Training and Economic Empowerment of marginalized and at risk women","Inter-American Foundation","125,000",0,"USD","https://d-portal.org/ctrack.html#view=act&aid=US-GOV-21-52828",3
"US-GOV-21-52875","Enabling Vulnerable Communities in St Catherine to Adapt to Environmental Changes to Ensure Sustainability of Livelihoods and Build Greater Resilience","Inter-American Foundation","125,000",0,"USD","https://d-portal.org/ctrack.html#view=act&aid=US-GOV-21-52875",3
"US-GOV-21-52877","Enabling Vulnerable Communities in St. Catherine to Adapt to Environmental Changes to Ensure Sustainability of Livelihoods and Build Greater Resilience","Inter-American Foundation","45,396","45,396","USD","https://d-portal.org/ctrack.html#view=act&aid=US-GOV-21-52877",3
"US-GOV-12-1131PL20GH51167-144619","JPS New Kingston Smart City, through Tuatara Group, LLC","United States Trade and Development Agency","545,428","54,543","USD","https://d-portal.org/ctrack.html#view=act&aid=US-GOV-12-1131PL20GH51167-144619",3
"US-GOV-12-1131PL20GH51167-145580","Technical Assistance - Jamaica Public Service New Kingston Smart City, through Tuatara Group, LLC","United States Trade and Development Agency","81,814","81,814","USD","https://d-portal.org/ctrack.html#view=act&aid=US-GOV-12-1131PL20GH51167-145580",3
"US-GOV-1-7200AA19CA00022","DIMS3","United States Agency for International Development (USAID)","11,092,012","8,517,839","USD","https://d-portal.org/ctrack.html#view=act&aid=US-GOV-1-7200AA19CA00022",3
"US-GOV-14-NU2GGH002211-47388","Targeted Programmatic Support Across Countries under the Global Fund to Fight HIV/AIDS, Tuberculosis and Malaria and under the President's Emergency Plan for AIDS Relief (PEPFAR) - 2019","United States Health and Human Services","543,137","103,631","USD","https://d-portal.org/ctrack.html#view=act&aid=US-GOV-14-NU2GGH002211-47388",3
"US-GOV-14-NU2GGH002183-47043","Strategic Information Support Across Countries under the Global Fund to Fight HIV/AIDS, Tuberculosis and Malaria and under the President's Emergency Plan for AIDS Relief (PEPFAR) - 2019","United States Health and Human Services","4,061,633","3,125,014","USD","https://d-portal.org/ctrack.html#view=act&aid=US-GOV-14-NU2GGH002183-47043",3
"US-GOV-14-NU2GGH002183-46005","Global AIDS: Strategic Information Support Across Countries under the Global Fund to Fight HIV/AIDS, Tuberculosis and Malaria (GFATM) and under PEPFAR","United States Health and Human Services","1,761,849","1,699,029","USD","https://d-portal.org/ctrack.html#view=act&aid=US-GOV-14-NU2GGH002183-46005",3
"US-GOV-14-NU2GGH002183-45145","GH19-1951.NU2G Strategic Information Support Across Countries under the Global F","United States Health and Human Services","-511,525","-511,525","USD","https://d-portal.org/ctrack.html#view=act&aid=US-GOV-14-NU2GGH002183-45145",3
"US-GOV-14-NU2GGH002183-45144","GH19-1951.NU2G Strategic Information Support Across Countries under the Global F","United States Health and Human Services","534,658","534,658","USD","https://d-portal.org/ctrack.html#view=act&aid=US-GOV-14-NU2GGH002183-45144",3
"US-GOV-14-NU2GGH002183-45143","GH19-1951.NU2G Strategic Information Support Across Countries under the Global F","United States Health and Human Services","534,995","534,995","USD","https://d-portal.org/ctrack.html#view=act&aid=US-GOV-14-NU2GGH002183-45143",3
"US-GOV-14-NU2GGH002183-45142","GH19-1951.NU2G Strategic Information Support Across Countries under the Global F","United States Health and Human Services","2,017,293","5,012,261","USD","https://d-portal.org/ctrack.html#view=act&aid=US-GOV-14-NU2GGH002183-45142",3
"US-GOV-14-NU2GGH002183-45137","GH19-1951 Strategic Information Support Across Countries under the Global Fund to Fight HIV/AIDS, Tuberculosis and Malaria and under the President's Emergency Plan for AIDS Relief (PEPFAR) - 2019","United States Health and Human Services","-298,201","-298,201","USD","https://d-portal.org/ctrack.html#view=act&aid=US-GOV-14-NU2GGH002183-45137",3
"US-GOV-14-NU2GGH002183-45136","GH19-1951 Strategic Information Support Across Countries under the Global Fund to Fight HIV/AIDS, Tuberculosis and Malaria and under the President's Emergency Plan for AIDS Relief (PEPFAR) - 2019","United States Health and Human Services","1,630,635","227,470","USD","https://d-portal.org/ctrack.html#view=act&aid=US-GOV-14-NU2GGH002183-45136",3
"US-GOV-14-NU2GGH002211-45124","GH19-1950.NU2G Targeted Programmatic Support Across Countries under the Global F","United States Health and Human Services","4,297,295","1,665,755","USD","https://d-portal.org/ctrack.html#view=act&aid=US-GOV-14-NU2GGH002211-45124",3
"US-GOV-14-NU2GGH002211-45108","GH19-1950 Targeted Programmatic Support Across Countries under the Global Fund to Fight HIV/AIDS, Tuberculosis and Malaria and under the President's Emergency Plan for AIDS Relief (PEPFAR) - 2019","United States Health and Human Services","800,000","611,801","USD","https://d-portal.org/ctrack.html#view=act&aid=US-GOV-14-NU2GGH002211-45108",3
"US-GOV-14-NU2GGH002211-45106","GH19-1950 Targeted Programmatic Support Across Countries under the Global Fund to Fight HIV/AIDS, Tuberculosis and Malaria and under the President's Emergency Plan for AIDS Relief (PEPFAR)","United States Health and Human Services","600,890","600,890","USD","https://d-portal.org/ctrack.html#view=act&aid=US-GOV-14-NU2GGH002211-45106",3
"US-GOV-14-NU2GGH002183-47044","Strategic Information Support Across Countries under the Global Fund to Fight HIV/AIDS, Tuberculosis and Malaria and under the President's Emergency Plan for AIDS Relief (PEPFAR) - 2019","United States Health and Human Services","10,178","10,178","USD","https://d-portal.org/ctrack.html#view=act&aid=US-GOV-14-NU2GGH002183-47044",3
"US-GOV-1-720202452003","USAID Travel and Transportation","United States Agency for International Development (USAID)","1,882,427","3,036,872","USD","https://d-portal.org/ctrack.html#view=act&aid=US-GOV-1-720202452003",3
"US-GOV-1-720202452083","USAID Travel and Transportation","United States Agency for International Development (USAID)","2,847","15,620","USD","https://d-portal.org/ctrack.html#view=act&aid=US-GOV-1-720202452083",3
"US-GOV-1-720202463855","USAID Advisory and Assistance Services","United States Agency for International Development (USAID)","279,761",0,"USD","https://d-portal.org/ctrack.html#view=act&aid=US-GOV-1-720202463855",3
"US-GOV-1-72MC1019M00011","USAID redacted this field in accordance with the exceptions outlined in the Foreign Aid Transparency and Accountability Act of 2016.","United States Agency for International Development (USAID)","336,862,080","298,155,200","USD","https://d-portal.org/ctrack.html#view=act&aid=US-GOV-1-72MC1019M00011",3
"US-GOV-1-72053220LA00001","Political Competition and Consensus-Building","United States Agency for International Development (USAID)","1,000,000","747,677","USD","https://d-portal.org/ctrack.html#view=act&aid=US-GOV-1-72053220LA00001",3
"US-GOV-1-72053224CA00002","Private Sector Productivity","United States Agency for International Development (USAID)","2,999,997",0,"USD","https://d-portal.org/ctrack.html#view=act&aid=US-GOV-1-72053224CA00002",3
"US-GOV-1-72053221CA00003","HIV Prevention","United States Agency for International Development (USAID)","4,073,137","2,700,344","USD","https://d-portal.org/ctrack.html#view=act&aid=US-GOV-1-72053221CA00003",3
"US-GOV-1-72053221IO00002","HIV/AIDS","United States Agency for International Development (USAID)","807,213","565,047","USD","https://d-portal.org/ctrack.html#view=act&aid=US-GOV-1-72053221IO00002",3
"GB-GOV-13-OODA-ESRC-KRYEWNA-KZZWCKS-T5XYQZ3","Sustaining Power: Women's struggles against contemporary backlash in South Asia","UK - Department for Business, Energy and Industrial Strategy (BEIS)","1,373,261","1,146,611","USD","https://d-portal.org/ctrack.html#view=act&aid=GB-GOV-13-OODA-ESRC-KRYEWNA-KZZWCKS-T5XYQZ3",2
"XM-DAC-41114-OUTPUT-00106182","FNC &amp; Second BUR","United Nations Development Programme (UNDP)","25,448","15,490","USD","https://d-portal.org/ctrack.html#view=act&aid=XM-DAC-41114-OUTPUT-00106182",2
"US-GOV-9-F22AP02860","RESTORING &amp; MANAGING HABITAT IN JAMAICA","United States Department of Interior","200,000","-46,261","USD","https://d-portal.org/ctrack.html#view=act&aid=US-GOV-9-F22AP02860",3
"US-GOV-1-53224A0023B","Administration and Oversight","United States Agency for International Development (USAID)","3,816",0,"USD","https://d-portal.org/ctrack.html#view=act&aid=US-GOV-1-53224A0023B",3
"US-GOV-1-532-24-ICASS-FY2024","Administration and Oversight","United States Agency for International Development (USAID)","131,054",0,"USD","https://d-portal.org/ctrack.html#view=act&aid=US-GOV-1-532-24-ICASS-FY2024",3
"US-GOV-1-532-IL-532-MNS-DOAG-00001-1","Ministry of National Security Implementation Letter Work Plan","United States Agency for International Development (USAID)","2,286,773","652,999","USD","https://d-portal.org/ctrack.html#view=act&aid=US-GOV-1-532-IL-532-MNS-DOAG-00001-1",3
"CA-3-P009524001","CARICOM Climate Adaptation Fund","Canada - Global Affairs Canada | Affaires mondiales Canada","15,613,277","15,613,277","USD","https://d-portal.org/ctrack.html#view=act&aid=CA-3-P009524001",2
"US-GOV-1-7200AA19C00088","Development Assistance","United States Agency for International Development (USAID)","5,841,655","5,491,795","USD","https://d-portal.org/ctrack.html#view=act&aid=US-GOV-1-7200AA19C00088",3
"US-GOV-1-720202351689","USAID Pay and Benefits","United States Agency for International Development (USAID)","1,278,378,000","1,239,824,400","USD","https://d-portal.org/ctrack.html#view=act&aid=US-GOV-1-720202351689",2
"US-GOV-1-720202450977","USAID redacted this field in accordance with the exceptions outlined in the Foreign Aid Transparency and Accountability Act of 2016.","United States Agency for International Development (USAID)","189,967","184,217","USD","https://d-portal.org/ctrack.html#view=act&aid=US-GOV-1-720202450977",3
"US-GOV-1-720202451251","USAID Equipment, Lands, and Structures","United States Agency for International Development (USAID)","78,904","78,904","USD","https://d-portal.org/ctrack.html#view=act&aid=US-GOV-1-720202451251",3
"US-GOV-1-720202451286","USAID Equipment, Lands, and Structures","United States Agency for International Development (USAID)","9,518","78,680","USD","https://d-portal.org/ctrack.html#view=act&aid=US-GOV-1-720202451286",3
"US-GOV-1-720202451426","USAID Miscellaneous Goods, Services, and Operations Maintanence","United States Agency for International Development (USAID)",297,297,"USD","https://d-portal.org/ctrack.html#view=act&aid=US-GOV-1-720202451426",3
"US-GOV-1-720202451600","USAID Miscellaneous Goods, Services, and Operations Maintanence","United States Agency for International Development (USAID)","5,924","10,458","USD","https://d-portal.org/ctrack.html#view=act&aid=US-GOV-1-720202451600",3
"US-GOV-1-720202451753","USAID Pay and Benefits","United States Agency for International Development (USAID)",400,400,"USD","https://d-portal.org/ctrack.html#view=act&aid=US-GOV-1-720202451753",3
"US-GOV-1-720202451839","USAID redacted this field in accordance with the exceptions outlined in the Foreign Aid Transparency and Accountability Act of 2016.","United States Agency for International Development (USAID)","6,962,157","4,063,042","USD","https://d-portal.org/ctrack.html#view=act&aid=US-GOV-1-720202451839",3
"US-GOV-1-720202451843","USAID Travel and Transportation","United States Agency for International Development (USAID)","14,666,984","27,202,028","USD","https://d-portal.org/ctrack.html#view=act&aid=US-GOV-1-720202451843",3
"US-GOV-1-720202451884","USAID Travel and Transportation","United States Agency for International Development (USAID)","1,785,656","4,278,525","USD","https://d-portal.org/ctrack.html#view=act&aid=US-GOV-1-720202451884",3
"US-GOV-1-720202451889","USAID redacted this field in accordance with the exceptions outlined in the Foreign Aid Transparency and Accountability Act of 2016.","United States Agency for International Development (USAID)","478,300","1,234,296","USD","https://d-portal.org/ctrack.html#view=act&aid=US-GOV-1-720202451889",3
"US-GOV-1-720202452050","USAID Travel and Transportation","United States Agency for International Development (USAID)",620,494,"USD","https://d-portal.org/ctrack.html#view=act&aid=US-GOV-1-720202452050",3
"XI-BRIDGE-6385676864-10445","Learning-by-doing preparation of the Fourth National Communication and Second Biennial Update Report to the UNFCCC","GEF Secretariat","852,000","15,456","USD","https://d-portal.org/ctrack.html#view=act&aid=XI-BRIDGE-6385676864-10445",2
"US-GOV-1-7200AA19M00019","USAID redacted this field in accordance with the exceptions outlined in the Foreign Aid Transparency and Accountability Act of 2016.","United States Agency for International Development (USAID)","112,197,256","76,011,920","USD","https://d-portal.org/ctrack.html#view=act&aid=US-GOV-1-7200AA19M00019",3
"XM-DAC-41114-PROJECT-00124680","Supporting Sustainable Transportation through E-Mobility","United Nations Development Programme (UNDP)",0,0,"USD","https://d-portal.org/ctrack.html#view=act&aid=XM-DAC-41114-PROJECT-00124680",2
"XM-DAC-41114-OUTPUT-00119439","Low Carbon Electric Mobility","United Nations Development Programme (UNDP)","10,000",0,"USD","https://d-portal.org/ctrack.html#view=act&aid=XM-DAC-41114-OUTPUT-00119439",2
"XI-IATI-EC_INTPA-2022-PCC-436425","Citizen Security Through A Multi-Stakeholder Partnership (CSTAMP)","European Commission - International Partnerships","423,794","210,810","USD","https://d-portal.org/ctrack.html#view=act&aid=XI-IATI-EC_INTPA-2022-PCC-436425",2
"XI-IATI-EC_INTPA-2022-PC-21464","Link UP 2: Strengthening CSOs to deliver violence prevention interventions to build youth resilience","European Commission - International Partnerships","370,819","304,608","USD","https://d-portal.org/ctrack.html#view=act&aid=XI-IATI-EC_INTPA-2022-PC-21464",2
"XI-IATI-EC_INTPA-2022-PCC-431506","Institutionalizing the Consensus 2020 Monitoring &amp; Oversight Committee: A mechanism for a sustainable reduction in crime, violence and corruption","European Commission - International Partnerships","317,845","145,765","USD","https://d-portal.org/ctrack.html#view=act&aid=XI-IATI-EC_INTPA-2022-PCC-431506",2
"XI-IATI-EC_INTPA-2020-PCC-421423","SRPC - Support to Citizen Security in Jamaica","European Commission - International Partnerships","19,099,940","7,506,197","USD","https://d-portal.org/ctrack.html#view=act&aid=XI-IATI-EC_INTPA-2020-PCC-421423",2
"US-GOV-1-AID-OAA-TO-15-00007","USAID redacted this field in accordance with the exceptions outlined in the Foreign Aid Transparency and Accountability Act of 2016.","United States Agency for International Development (USAID)","5,719,696,400","4,997,471,000","USD","https://d-portal.org/ctrack.html#view=act&aid=US-GOV-1-AID-OAA-TO-15-00007",3
"XM-DAC-41301-723562","Towards a Modern and Digitized Agri-food System [TAMADAS] Project","Food and Agriculture Organization of the United Nations (FAO)","200,000","2,828","USD","https://d-portal.org/ctrack.html#view=act&aid=XM-DAC-41301-723562",2
"XI-IATI-EC_INTPA-2021-PCC-429613","Scale up of Rehabilitation of Inmates: A Professional and Artistic Way to come back into Society Part 4","European Commission - International Partnerships","349,009","285,059","USD","https://d-portal.org/ctrack.html#view=act&aid=XI-IATI-EC_INTPA-2021-PCC-429613",2
"XM-DAC-45001-B807","ACP Business-friendly: Supporting value chains through inclusive policies, investment promotion and alliances","International Trade Centre (ITC)","667,863","9,631,612","USD","https://d-portal.org/ctrack.html#view=act&aid=XM-DAC-45001-B807",2
"47045-JAM-H-MOH","Support to the national HIV/AIDS response in Jamaica","The Global Fund to Fight AIDS, Tuberculosis and Malaria","38,200,604","36,808,496","USD","https://d-portal.org/ctrack.html#view=act&aid=47045-JAM-H-MOH",2
"XM-DAC-41114-PROJECT-00137180","Building Back Equal Joint Programme","United Nations Development Programme (UNDP)",0,0,"USD","https://d-portal.org/ctrack.html#view=act&aid=XM-DAC-41114-PROJECT-00137180",2
"CA-3-D002427001","Supporting Renewable Energy and Energy Efficiency in the Caribbean (EcoMicro)","Canada - Global Affairs Canada | Affaires mondiales Canada","5,395,707","5,448,852","USD","https://d-portal.org/ctrack.html#view=act&aid=CA-3-D002427001",2
"US-GOV-1-AID-OAA-TO-15-00004","Global Health Supply Chain - Rapid Test Kits (GHSC-RTK)","United States Agency for International Development (USAID)","403,265,000","360,180,640","USD","https://d-portal.org/ctrack.html#view=act&aid=US-GOV-1-AID-OAA-TO-15-00004",3
"SE-0-SE-6-14221-14221A0101","Toronto Centre 2020-2023","Sweden, through Swedish International Development Cooperation Agency (Sida)","3,583,569","3,332,463","USD","https://d-portal.org/ctrack.html#view=act&aid=SE-0-SE-6-14221-14221A0101",2
"XI-BRIDGE-6385676864-10960","Strengthening national-level institutional and professional capacities of country Parties towards enhanced UNCCD monitoring and reporting â€“ GEF 7 EA Umbrella II","GEF Secretariat","1,954,338","1,260,000","USD","https://d-portal.org/ctrack.html#view=act&aid=XI-BRIDGE-6385676864-10960",2
"XM-DAC-41301-728062","Assessment of locally produced livestock feed ingredients to strengthen the sector?s sustainability","Food and Agriculture Organization of the United Nations (FAO)","90,000","1,000","USD","https://d-portal.org/ctrack.html#view=act&aid=XM-DAC-41301-728062",2
"SE-0-SE-6-14221-14221A0102","Toronto Centre 2020-2023 - Toronto Centre 2020-2023 New Strat 2022-2026","Sweden, through Swedish International Development Cooperation Agency (Sida)","2,150,141","1,670,944","USD","https://d-portal.org/ctrack.html#view=act&aid=SE-0-SE-6-14221-14221A0102",2
"KR-GOV-010-KR-GOV-051-2023050102019","Project of Automatic Identification System for Security Improvement in Jamaica","Republic of Korea","368,853","179,425","USD","https://d-portal.org/ctrack.html#view=act&aid=KR-GOV-010-KR-GOV-051-2023050102019",2
"XM-DAC-41114-OUTPUT-00127771","Innovative Financing for GE","United Nations Development Programme (UNDP)","138,444","73,136","USD","https://d-portal.org/ctrack.html#view=act&aid=XM-DAC-41114-OUTPUT-00127771",2
"XM-DAC-41114-OUTPUT-00122017","Legal &amp; Regulatory Framework","United Nations Development Programme (UNDP)","701,553","235,631","USD","https://d-portal.org/ctrack.html#view=act&aid=XM-DAC-41114-OUTPUT-00122017",2
"XM-DAC-41114-OUTPUT-00127257","Development of Shelter","United Nations Development Programme (UNDP)","1,020,770","500,772","USD","https://d-portal.org/ctrack.html#view=act&aid=XM-DAC-41114-OUTPUT-00127257",2
"SE-0-SE-6-14221","Toronto Centre 2020-2023","Sweden, through Swedish International Development Cooperation Agency (Sida)",0,0,"USD","https://d-portal.org/ctrack.html#view=act&aid=SE-0-SE-6-14221",2
"XI-IATI-EC_INTPA-2022-PC-21459","Strengthening Schools and Communities for Greater Security - The Greenleaf Project SSCGS","European Commission - International Partnerships","314,401","157,200","USD","https://d-portal.org/ctrack.html#view=act&aid=XI-IATI-EC_INTPA-2022-PC-21459",2
"44000-P152307","Access to Finance for MSMEs","The World Bank","15,000,000","9,859,823","USD","https://d-portal.org/ctrack.html#view=act&aid=44000-P152307",2
"XM-DAC-41114-OUTPUT-00105162","Jamaica ABS-UNDP-JAM-00105162","United Nations Development Programme (UNDP)","206,259",0,"USD","https://d-portal.org/ctrack.html#view=act&aid=XM-DAC-41114-OUTPUT-00105162",2
"XM-DAC-41114-PROJECT-00103166","Support to the implementation of Nagoya Protocol","United Nations Development Programme (UNDP)",0,0,"USD","https://d-portal.org/ctrack.html#view=act&aid=XM-DAC-41114-PROJECT-00103166",2
"XI-IATI-IADB-JA-L1074","Security Strengthening Project","Inter-American Development Bank","13,743,056","13,743,056","USD","https://d-portal.org/ctrack.html#view=act&aid=XI-IATI-IADB-JA-L1074",2
"CA-3-P006224001","Canada-Caribbean Resilience Facility","Canada - Global Affairs Canada | Affaires mondiales Canada","14,886,355","15,446,783","USD","https://d-portal.org/ctrack.html#view=act&aid=CA-3-P006224001",2
"XM-DAC-301-2-110148-001","Women Feeding Cities: gender-transformative, resilient and sustainable COVID-19 recovery of the informal food sector in secondary cities","Canada - International Development Research Centre/Centre de recherches pour le développement international","75,732","75,732","USD","https://d-portal.org/ctrack.html#view=act&aid=XM-DAC-301-2-110148-001",2
"XI-IATI-IADB-JA-L1085","Boosting Innovation, Growth and Entrepreneurship Ecosystems Programme","Inter-American Development Bank","11,035,855","11,035,855","USD","https://d-portal.org/ctrack.html#view=act&aid=XI-IATI-IADB-JA-L1085",2
"XI-IATI-EC_INTPA-2017-PCC-390892","Delegation Agreement with Inter-American Development Bank (IDB) to implement project Energy Management and Efficiency Programme","European Commission - International Partnerships","10,861,639","4,145,402","USD","https://d-portal.org/ctrack.html#view=act&aid=XI-IATI-EC_INTPA-2017-PCC-390892",2
"GB-GOV-3-BC","British Council: Official Development Assistance (ODA) support","UK - Foreign, Commonwealth and Development Office",0,0,"USD","https://d-portal.org/ctrack.html#view=act&aid=GB-GOV-3-BC",2
"XM-DAC-41116-PROJECT-02049","Protecting the Marine Environment from Land-Based Pollution through Coordinated and Strengthened Global Action","United Nations Environment Programme (UNEP)","20,164,898","20,164,898","USD","https://d-portal.org/ctrack.html#view=act&aid=XM-DAC-41116-PROJECT-02049",2
"GB-GOV-3-BC-101","British Council: budgets &amp; payments","UK - Foreign, Commonwealth and Development Office","1,440,407,200","1,385,913,300","USD","https://d-portal.org/ctrack.html#view=act&aid=GB-GOV-3-BC-101",2
"GB-GOV-1-300970-105","Support to the Ministry of Justice to enable the unification of the Prosecutorial Services","UK - Foreign, Commonwealth and Development Office","2,113,018","875,225","USD","https://d-portal.org/ctrack.html#view=act&aid=GB-GOV-1-300970-105",2
"GB-GOV-1-300970-403","Development of a National Anti-Corruption Strategy for Jamaica","UK - Foreign, Commonwealth and Development Office","122,605","22,553","USD","https://d-portal.org/ctrack.html#view=act&aid=GB-GOV-1-300970-403",2
"GB-GOV-1-300970-402","Strengthening Civil Society to Combat Corruption and Serious Organized Crime","UK - Foreign, Commonwealth and Development Office","182,826","182,826","USD","https://d-portal.org/ctrack.html#view=act&aid=GB-GOV-1-300970-402",2
"GB-GOV-1-300970-111","Establishment of a Digital Forensic Escalation Unit","UK - Foreign, Commonwealth and Development Office","549,269","854,656","USD","https://d-portal.org/ctrack.html#view=act&aid=GB-GOV-1-300970-111",2
"GB-GOV-1-300970-106","Support to Ministry of Finance-Financial Investigations Division to recover assets acquired by corruption and organised crime.","UK - Foreign, Commonwealth and Development Office","562,030","240,853","USD","https://d-portal.org/ctrack.html#view=act&aid=GB-GOV-1-300970-106",2
"GB-GOV-1-300970-405","Illicit Finance in the Caribbean Regional Dialogue","UK - Foreign, Commonwealth and Development Office","161,008","40,252","USD","https://d-portal.org/ctrack.html#view=act&aid=GB-GOV-1-300970-405",2
"GB-GOV-1-300970-104","Support to the Integrity Commission to ensure that anti-corruption institutions in Jamaica are effective and accountable.","UK - Foreign, Commonwealth and Development Office","1,998,199","1,139,685","USD","https://d-portal.org/ctrack.html#view=act&aid=GB-GOV-1-300970-104",2
"GB-GOV-1-300970-103","Support to the Independent Commission of Investigations to hold public officials accountable for the abuse of power.","UK - Foreign, Commonwealth and Development Office","3,357,881","3,044,596","USD","https://d-portal.org/ctrack.html#view=act&aid=GB-GOV-1-300970-103",2
"GB-GOV-1-300970-102","Support to the Financial Investigations Division to recover assets acquired by corruption and organised crime.","UK - Foreign, Commonwealth and Development Office","3,153,948","2,935,198","USD","https://d-portal.org/ctrack.html#view=act&aid=GB-GOV-1-300970-102",2
"GB-GOV-1-300970-101","Support to Major Organised Crime &amp; Anti-Corruption Agency to combat corruption and organised crime.","UK - Foreign, Commonwealth and Development Office","5,835,833","4,516,943","USD","https://d-portal.org/ctrack.html#view=act&aid=GB-GOV-1-300970-101",2
"GB-GOV-1-300970","Serious Organised Crime and Anti-Corruption Programme","UK - Foreign, Commonwealth and Development Office",0,0,"USD","https://d-portal.org/ctrack.html#view=act&aid=GB-GOV-1-300970",2
"GB-GOV-1-300970-404","Capacity Assessment of Anti-Corruption and Serious Organized Crime Organizations in Jamaica","UK - Foreign, Commonwealth and Development Office","60,645",0,"USD","https://d-portal.org/ctrack.html#view=act&aid=GB-GOV-1-300970-404",2
"XM-DAC-41301-717222","Improving Rural Livelihoods through Resilient Agri-food Systems","Food and Agriculture Organization of the United Nations (FAO)","970,874","42,503","USD","https://d-portal.org/ctrack.html#view=act&aid=XM-DAC-41301-717222",2
"XM-DAC-41301-702462","Improving Phytosanitary, Food Safety and market access opportunities along the Hot Pepper Value-Chai","Food and Agriculture Organization of the United Nations (FAO)","1,065,392","423,663","USD","https://d-portal.org/ctrack.html#view=act&aid=XM-DAC-41301-702462",2
"XI-IATI-EC_INTPA-2023-PC-15248","Activity under preparation Communication and Visibility of the Citizen Security Plan and the EU Support to Citizen Security in Jamaica Programme","European Commission - International Partnerships",0,0,"USD","https://d-portal.org/ctrack.html#view=act&aid=XI-IATI-EC_INTPA-2023-PC-15248",1
"XI-IATI-EC_INTPA-2023-PC-33153","Communication and Visibility of the Citizen Security Plan and the EU Support to Citizen Security in Jamaica","European Commission - International Partnerships","298,622","119,449","USD","https://d-portal.org/ctrack.html#view=act&aid=XI-IATI-EC_INTPA-2023-PC-33153",2
"CA-3-P010161001","Canada-CARICOM Expert Deployment Mechanism","Canada - Global Affairs Canada | Affaires mondiales Canada","3,123,868","1,492,796","USD","https://d-portal.org/ctrack.html#view=act&aid=CA-3-P010161001",2
"XI-IATI-CWSEC-Q0201","Strengthening Electoral Process Through Full Cycle Approach","The Commonwealth Secretariat","835,307","835,307","USD","https://d-portal.org/ctrack.html#view=act&aid=XI-IATI-CWSEC-Q0201",2
"XI-IATI-CWSEC-Q0306","Cyber Frameworks","The Commonwealth Secretariat","745,178","745,178","USD","https://d-portal.org/ctrack.html#view=act&aid=XI-IATI-CWSEC-Q0306",2
"XI-IATI-CWSEC-Q0301","Effective rule of law frameworks","The Commonwealth Secretariat","35,252","35,252","USD","https://d-portal.org/ctrack.html#view=act&aid=XI-IATI-CWSEC-Q0301",2
"US-GOV-1-72053220C00001","Community Violence Prevention (CVP) Activity","United States Agency for International Development (USAID)","15,526,784","9,903,135","USD","https://d-portal.org/ctrack.html#view=act&aid=US-GOV-1-72053220C00001",2
"XI-IATI-CWSEC-Q0603","Institutionalise Commonwealth Meridian to support public finance management through effective debt management and improved debt data transparency","The Commonwealth Secretariat","203,728","203,728","USD","https://d-portal.org/ctrack.html#view=act&aid=XI-IATI-CWSEC-Q0603",2
"XI-IATI-CWSEC-Q0701","Natural Resources","The Commonwealth Secretariat","296,972","296,972","USD","https://d-portal.org/ctrack.html#view=act&aid=XI-IATI-CWSEC-Q0701",2
"XI-IATI-CWSEC-Q1001","Improved Access Climate Finance","The Commonwealth Secretariat","1,496,424","1,496,424","USD","https://d-portal.org/ctrack.html#view=act&aid=XI-IATI-CWSEC-Q1001",2
"XI-IATI-CWSEC-Q1301","Youth Mainstreaming, Participation and Inclusion","The Commonwealth Secretariat","572,414","572,414","USD","https://d-portal.org/ctrack.html#view=act&aid=XI-IATI-CWSEC-Q1301",2
"XI-IATI-CWSEC-Q1302","Professionalisation of Youth Work","The Commonwealth Secretariat","133,476","133,476","USD","https://d-portal.org/ctrack.html#view=act&aid=XI-IATI-CWSEC-Q1302",2
"XI-IATI-CWSEC-Q0501","Trade Competitiveness","The Commonwealth Secretariat","272,622","272,622","USD","https://d-portal.org/ctrack.html#view=act&aid=XI-IATI-CWSEC-Q0501",2
"XI-IATI-EC_INTPA-2022-PC-21579","The BRIDGE Project (Building through Reintegration, Intervention, Development, Growth and Education","European Commission - International Partnerships","404,545","177,335","USD","https://d-portal.org/ctrack.html#view=act&aid=XI-IATI-EC_INTPA-2022-PC-21579",2
"XI-IATI-EC_INTPA-2021-ACT-61130","Activity under preparation European Union-Jamaica Cooperation Facility","European Commission - International Partnerships","1,695,592",0,"USD","https://d-portal.org/ctrack.html#view=act&aid=XI-IATI-EC_INTPA-2021-ACT-61130",1
"US-GOV-1-AID-OAA-A-17-00017","Breakthrough-ACTION","United States Agency for International Development (USAID)","454,078,660","381,051,500","USD","https://d-portal.org/ctrack.html#view=act&aid=US-GOV-1-AID-OAA-A-17-00017",2
"US-GOV-1-7200AA20N00003","USAID/LAC Bureau Institutional Support Contract","United States Agency for International Development (USAID)","13,337,554","10,954,821","USD","https://d-portal.org/ctrack.html#view=act&aid=US-GOV-1-7200AA20N00003",2
"US-GOV-1-72MC1020N00005","USAID redacted this field in accordance with the exceptions outlined in the Foreign Aid Transparency and Accountability Act of 2016.","United States Agency for International Development (USAID)","9,497,975","11,122,976","USD","https://d-portal.org/ctrack.html#view=act&aid=US-GOV-1-72MC1020N00005",2
"US-GOV-1-7200AA19F00014","USAID redacted this field in accordance with the exceptions outlined in the Foreign Aid Transparency and Accountability Act of 2016.","United States Agency for International Development (USAID)","202,113,940","160,020,980","USD","https://d-portal.org/ctrack.html#view=act&aid=US-GOV-1-7200AA19F00014",2
"US-GOV-12-1131PL21GH91212","Technical Assistance - GPI: TA for the Ministry of Finance and Public Service, Government of Jamaica, through Enterprise - United States Unknown","United States Trade and Development Agency","1,017,125",0,"USD","https://d-portal.org/ctrack.html#view=act&aid=US-GOV-12-1131PL21GH91212",3
"US-GOV-1-72053219CA00001","Support for Vulnerable Populations","United States Agency for International Development (USAID)","8,882,354","7,907,759","USD","https://d-portal.org/ctrack.html#view=act&aid=US-GOV-1-72053219CA00001",2
"US-GOV-14-NU2GGH002260-41087","CDC-GH20-2034.NU2GSupport HIV/AIDS Prevention, Care, and Treatment Activities f","United States Health and Human Services","1,561,076","929,746","USD","https://d-portal.org/ctrack.html#view=act&aid=US-GOV-14-NU2GGH002260-41087",3
"US-GOV-14-NU2GGH002265-41157","CDC-RFA-GH20-2011.NU2GSupport for Laboratory Diagnosis and Monitoring to Scale","United States Health and Human Services","215,322","718,594","USD","https://d-portal.org/ctrack.html#view=act&aid=US-GOV-14-NU2GGH002265-41157",3
"US-GOV-14-NU2GGH002265-45204","GH20-2011 Support for Laboratory Diagnosis and Monitoring to Scale Up and Improve HIV/AIDS Care and Treatment Services, and Strengthen Global Health Security for Caribbean Countries Supported under the President's Emergency Plan for AIDS Relief (PEPFAR)","United States Health and Human Services","55,000","292,048","USD","https://d-portal.org/ctrack.html#view=act&aid=US-GOV-14-NU2GGH002265-45204",3
"US-GOV-14-NU2GGH002265-45206","GH20-2011 Support for Laboratory Diagnosis and Monitoring to Scale Up and Improve HIV/AIDS Care and Treatment Services, and Strengthen Global Health Security for Caribbean Countries Supported under the President's Emergency Plan for AIDS Relief (PEPFAR) - 2020","United States Health and Human Services","800,000","267,288","USD","https://d-portal.org/ctrack.html#view=act&aid=US-GOV-14-NU2GGH002265-45206",3
"US-GOV-14-NU2GGH002265-47222","Support for Laboratory Diagnosis and Monitoring to Scale Up and Improve HIV/AIDS Care and Treatment Services, and Strengthen Global Health Security for Caribbean Countries Supported under the President's Emergency Plan for AIDS Relief (PEPFAR) - 2020","United States Health and Human Services","250,000","74,370","USD","https://d-portal.org/ctrack.html#view=act&aid=US-GOV-14-NU2GGH002265-47222",3
"US-GOV-14-NU2GGH002267-41322","CDC-RFA-GH20-2136.NU2G Strengthening Access to and Delivery of Quality Public He","United States Health and Human Services","3,281","3,281","USD","https://d-portal.org/ctrack.html#view=act&aid=US-GOV-14-NU2GGH002267-41322",3
"US-GOV-14-NU2GGH002267-41323","CDC-RFA-GH20-2136.NU2G Strengthening Access to and Delivery of Quality Public He","United States Health and Human Services","414,873","1,013,489","USD","https://d-portal.org/ctrack.html#view=act&aid=US-GOV-14-NU2GGH002267-41323",3
"US-GOV-14-NU2GGH002267-41324","CDC-RFA-GH20-2136.NU2G Strengthening Access to and Delivery of Quality Public He","United States Health and Human Services","207,954","207,954","USD","https://d-portal.org/ctrack.html#view=act&aid=US-GOV-14-NU2GGH002267-41324",3
"US-GOV-14-NU2GGH002267-45607","GH20-2136 Strengthening Access to and Delivery of Quality Public Health Services for Prevention, Care and Treatment of HIV, STIs, and TB, Addressing Diseases of Public Health Importance, and Advancing Global Health Security in Jamaica under PEPFAR","United States Health and Human Services","525,000","101,232","USD","https://d-portal.org/ctrack.html#view=act&aid=US-GOV-14-NU2GGH002267-45607",3
"US-GOV-14-NU2GGH002267-45609","GH20-2136 Strengthening Access to and Delivery of Quality Public Health Services for Prevention, Care and Treatment of HIV, STIs, and TB, Addressing Diseases of Public Health Importance, and Advancing Global Health Security in Jamaica under PEPFAR - 2020","United States Health and Human Services","-3,281","-3,281","USD","https://d-portal.org/ctrack.html#view=act&aid=US-GOV-14-NU2GGH002267-45609",3
"US-GOV-14-NU2GGH002267-45610","GH20-2136 Strengthening Access to and Delivery of Quality Public Health Services for Prevention, Care and Treatment of HIV, STIs, and TB, Addressing Diseases of Public Health Importance, and Advancing Global Health Security in Jamaica under PEPFAR - 2020","United States Health and Human Services","869,032","-530,370","USD","https://d-portal.org/ctrack.html#view=act&aid=US-GOV-14-NU2GGH002267-45610",3
"US-GOV-14-NU2GGH002267-47065","Strengthening Access to and Delivery of Quality Public Health Services for Prevention, Care and Treatment of HIV, STIs, and TB, Addressing Diseases of Public Health Importance, and Advancing Global Health Security in Jamaica under PEPFAR - 2020","United States Health and Human Services","43,930","767,307","USD","https://d-portal.org/ctrack.html#view=act&aid=US-GOV-14-NU2GGH002267-47065",3
"44000-P166279","Second Rural Economic Development Initiative (REDI II) Project","The World Bank","40,000,000","7,251,257","USD","https://d-portal.org/ctrack.html#view=act&aid=44000-P166279",2
"XI-IATI-EC_INTPA-2020-PCC-421086","Programme Estimate H2O: 'A JAMAICAN PATH FROM HILLS TO OCEAN'","European Commission - International Partnerships","5,964,022","1,618,706","USD","https://d-portal.org/ctrack.html#view=act&aid=XI-IATI-EC_INTPA-2020-PCC-421086",2
"XM-DAC-47015-19376_Bilateral_EC-EuropeanCommission_CIFOR","Grant: Central Component Sustainable Landscapes Initiatives - Landscape for Our Future. (Bilateral)","CGIAR","4,679,000",0,"USD","https://d-portal.org/ctrack.html#view=act&aid=XM-DAC-47015-19376_Bilateral_EC-EuropeanCommission_CIFOR",2
"US-GOV-1-7200AA19CA00004","Translating Data for Implementation (DFI)","United States Agency for International Development (USAID)","82,294,296","70,848,784","USD","https://d-portal.org/ctrack.html#view=act&aid=US-GOV-1-7200AA19CA00004",2
"XI-IATI-IADB-JA-L1056","Energy Management and Efficiency Programme","Inter-American Development Bank","5,057,747","5,057,747","USD","https://d-portal.org/ctrack.html#view=act&aid=XI-IATI-IADB-JA-L1056",2
"US-GOV-21-52865","Promoting Climate Smart Agriculture through Adaptable Technology -Jamaica","Inter-American Foundation","24,600","24,600","USD","https://d-portal.org/ctrack.html#view=act&aid=US-GOV-21-52865",3
"XM-DAC-928-JM-2024-25-04.002.AM01.JAM05","Cultural change fostered and organizational performance enhanced through coordination of the WHO-wide transformation agenda","World Health Organization (WHO)","15,861",0,"USD","https://d-portal.org/ctrack.html#view=act&aid=XM-DAC-928-JM-2024-25-04.002.AM01.JAM05",2
"XM-DAC-928-JM-2024-25-04.002.AM01.JAM04","Planning, allocation of resources, monitoring and reporting based on country priorities, carried out to achieve country impact, value-for-money and the strategic priorities of GPW 13","World Health Organization (WHO)","19,825",269,"USD","https://d-portal.org/ctrack.html#view=act&aid=XM-DAC-928-JM-2024-25-04.002.AM01.JAM04",2
"XM-DAC-928-JM-2024-25-04.002.AM01.JAM03","Strategic priorities resourced in a predictable, adequate and flexible manner through strengthening partnerships","World Health Organization (WHO)","13,217",0,"USD","https://d-portal.org/ctrack.html#view=act&aid=XM-DAC-928-JM-2024-25-04.002.AM01.JAM03",2
"XM-DAC-928-JM-2024-25-04.002.AM01.JAM02","The Secretariat operates in an accountable, transparent, compliant and risk management-driven manner including through organizational learning and a culture of evaluation","World Health Organization (WHO)","22,469","1,716","USD","https://d-portal.org/ctrack.html#view=act&aid=XM-DAC-928-JM-2024-25-04.002.AM01.JAM02",2
"XM-DAC-928-JM-2024-25-04.002.AM01.JAM01","Leadership, governance and external relations enhanced to implement GPW 13 and drive impact in an aligned manner at the country level, on the basis of strategic communications and in accordance with the Sustainable Development Goals in the context of United Nations reform","World Health Organization (WHO)","133,494","15,257","USD","https://d-portal.org/ctrack.html#view=act&aid=XM-DAC-928-JM-2024-25-04.002.AM01.JAM01",2
"XM-DAC-928-JM-2024-25-04.001.AM01.JAM03","Strengthened evidence base, prioritization and uptake of WHO generated norms and standards and improved research capacity and the ability to effectively and sustainably scale up innovations, including digital technology, in countries.","World Health Organization (WHO)","42,295",0,"USD","https://d-portal.org/ctrack.html#view=act&aid=XM-DAC-928-JM-2024-25-04.001.AM01.JAM03",2
"XM-DAC-928-JM-2024-25-04.001.AM01.JAM02","GPW 13 impacts and outcomes, global and regional health trends, Sustainable Development Goal indicators, health inequalities and disaggregated data monitored","World Health Organization (WHO)","44,939",0,"USD","https://d-portal.org/ctrack.html#view=act&aid=XM-DAC-928-JM-2024-25-04.001.AM01.JAM02",2
"XM-DAC-928-JM-2024-25-04.001.AM01.JAM01","Countries enabled to strengthen data, analytics and health information systems to inform policy and deliver impacts.","World Health Organization (WHO)","105,737",0,"USD","https://d-portal.org/ctrack.html#view=act&aid=XM-DAC-928-JM-2024-25-04.001.AM01.JAM01",2
"XM-DAC-928-JM-2024-25-03.003.AM01.JAM02","Countries supported to create an enabling environment for healthy settings","World Health Organization (WHO)","117,633",0,"USD","https://d-portal.org/ctrack.html#view=act&aid=XM-DAC-928-JM-2024-25-03.003.AM01.JAM02",2
"XM-DAC-928-JM-2024-25-03.003.AM01.JAM01","Countries enabled to address environmental determinants, including climate change","World Health Organization (WHO)","88,555","6,148","USD","https://d-portal.org/ctrack.html#view=act&aid=XM-DAC-928-JM-2024-25-03.003.AM01.JAM01",2
"XM-DAC-928-JM-2024-25-03.002.AM01.JAM02","Countries enabled to reinforce partnerships across sectors, as well as governance mechanisms, laws and fiscal measures","World Health Organization (WHO)","137,459",0,"USD","https://d-portal.org/ctrack.html#view=act&aid=XM-DAC-928-JM-2024-25-03.002.AM01.JAM02",2
"XM-DAC-928-JM-2024-25-03.002.AM01.JAM01","Countries enabled to address risk factors through multisectoral actions","World Health Organization (WHO)","145,389",0,"USD","https://d-portal.org/ctrack.html#view=act&aid=XM-DAC-928-JM-2024-25-03.002.AM01.JAM01",2
"XM-DAC-928-JM-2024-25-03.001.AM01.JAM02","Countries enabled to strengthen equitable access to safe, healthy and sustainably produced foods through a One Health approach","World Health Organization (WHO)","11,895","5,563","USD","https://d-portal.org/ctrack.html#view=act&aid=XM-DAC-928-JM-2024-25-03.001.AM01.JAM02",2
"XM-DAC-928-JM-2024-25-03.001.AM01.JAM01","Countries enabled to address social determinants of health across the life course","World Health Organization (WHO)","72,694",0,"USD","https://d-portal.org/ctrack.html#view=act&aid=XM-DAC-928-JM-2024-25-03.001.AM01.JAM01",2
"XM-DAC-928-JM-2024-25-02.003.AM01.JAM03","Essential health services and systems maintained and strengthened in fragile, conflict-affected and vulnerable settings","World Health Organization (WHO)","23,130",0,"USD","https://d-portal.org/ctrack.html#view=act&aid=XM-DAC-928-JM-2024-25-02.003.AM01.JAM03",2
"CA-3-P006153001","Sustainable Agriculture in the Caribbean","Canada - Global Affairs Canada | Affaires mondiales Canada","15,447,631","9,149,196","USD","https://d-portal.org/ctrack.html#view=act&aid=CA-3-P006153001",2
"XM-DAC-928-JM-2024-25-04.003.AM01.JAM04","Safe and secure environment, with efficient infrastructure maintenance, cost-effective support services and responsive supply chain, including occupational health and safety","World Health Organization (WHO)","99,128","8,714","USD","https://d-portal.org/ctrack.html#view=act&aid=XM-DAC-928-JM-2024-25-04.003.AM01.JAM04",2
"XM-DAC-928-JM-2024-25-04.003.AM01.JAM03","Effective, innovative and secure digital platforms and services aligned with the needs of users, corporate functions, technical programmes and health emergencies operations","World Health Organization (WHO)","37,008","9,463","USD","https://d-portal.org/ctrack.html#view=act&aid=XM-DAC-928-JM-2024-25-04.003.AM01.JAM03",2
"XM-DAC-928-JM-2024-25-04.003.AM01.JAM02","Effective and efficient management and development of human resources to attract, recruit and retain talent for successful programme delivery","World Health Organization (WHO)","70,051","7,454","USD","https://d-portal.org/ctrack.html#view=act&aid=XM-DAC-928-JM-2024-25-04.003.AM01.JAM02",2
"XM-DAC-928-JM-2024-25-04.003.AM01.JAM01","Sound financial practices and oversight managed through an efficient and effective internal control framework","World Health Organization (WHO)","125,563","2,288","USD","https://d-portal.org/ctrack.html#view=act&aid=XM-DAC-928-JM-2024-25-04.003.AM01.JAM01",2
"XM-DAC-928-JM-2024-25-04.002.AM01.JAM06","?Leave no one behind? approach focused on equity, gender and human rights progressively incorporated and monitored","World Health Organization (WHO)","52,869",0,"USD","https://d-portal.org/ctrack.html#view=act&aid=XM-DAC-928-JM-2024-25-04.002.AM01.JAM06",2
"XM-DAC-928-JM-2024-25-01.003.AM01.JAM04","Research and development agenda defined and research coordinated in line with public health priorities","World Health Organization (WHO)","11,895",0,"USD","https://d-portal.org/ctrack.html#view=act&aid=XM-DAC-928-JM-2024-25-01.003.AM01.JAM04",2
"XM-DAC-928-JM-2024-25-01.003.AM01.JAM03","Country and regional regulatory capacity strengthened, and supply of quality-assured and safe health products improved, including through prequalification services","World Health Organization (WHO)","81,286",0,"USD","https://d-portal.org/ctrack.html#view=act&aid=XM-DAC-928-JM-2024-25-01.003.AM01.JAM03",2
"XM-DAC-928-JM-2024-25-01.003.AM01.JAM02","Improved and more equitable access to health products through global market shaping and supporting countries to monitor and ensure efficient and transparent procurement and supply systems","World Health Organization (WHO)","65,425",0,"USD","https://d-portal.org/ctrack.html#view=act&aid=XM-DAC-928-JM-2024-25-01.003.AM01.JAM02",2
"XM-DAC-928-JM-2024-25-01.003.AM01.JAM01","Provision of authoritative guidance and standards on quality, safety and efficacy of health products, essential medicines and diagnostics lists","World Health Organization (WHO)","35,686",0,"USD","https://d-portal.org/ctrack.html#view=act&aid=XM-DAC-928-JM-2024-25-01.003.AM01.JAM01",2
"XM-DAC-928-JM-2024-25-01.002.AM01.JAM03","Countries enabled to improve institutional capacity for transparent decision-making in priority-setting and resource allocation and analysis of the impact of health in the national economy","World Health Organization (WHO)","14,539",0,"USD","https://d-portal.org/ctrack.html#view=act&aid=XM-DAC-928-JM-2024-25-01.002.AM01.JAM03",2
"XM-DAC-928-JM-2024-25-01.002.AM01.JAM02","Countries enabled to produce and analyse information on financial protection, equity and health expenditures and to use this information to track progress and inform decision-making","World Health Organization (WHO)","26,434",0,"USD","https://d-portal.org/ctrack.html#view=act&aid=XM-DAC-928-JM-2024-25-01.002.AM01.JAM02",2
"XM-DAC-928-JM-2024-25-01.002.AM01.JAM01","Countries enabled to develop and implement equitable health financing strategies and reforms to sustain progress towards universal health coverage","World Health Organization (WHO)","28,417",0,"USD","https://d-portal.org/ctrack.html#view=act&aid=XM-DAC-928-JM-2024-25-01.002.AM01.JAM01",2
"XM-DAC-928-JM-2024-25-01.001.AM01.JAM05","Countries enabled to strengthen their health and care  workforce","World Health Organization (WHO)","59,477",0,"USD","https://d-portal.org/ctrack.html#view=act&aid=XM-DAC-928-JM-2024-25-01.001.AM01.JAM05",2
"XM-DAC-928-JM-2024-25-01.001.AM01.JAM04","Countries? health governance capacity strengthened for improved transparency, accountability, responsiveness and empowerment of communities","World Health Organization (WHO)","118,955",0,"USD","https://d-portal.org/ctrack.html#view=act&aid=XM-DAC-928-JM-2024-25-01.001.AM01.JAM04",2
"XM-DAC-928-JM-2024-25-01.001.AM01.JAM03","Countries enabled to strengthen their health systems to address population-specific health needs and barriers to equity across the life course","World Health Organization (WHO)","198,258",0,"USD","https://d-portal.org/ctrack.html#view=act&aid=XM-DAC-928-JM-2024-25-01.001.AM01.JAM03",2
"XM-DAC-928-JM-2024-25-01.001.AM01.JAM02","Countries enabled to strengthen their health systems to deliver on condition- and disease-specific service coverage results","World Health Organization (WHO)","473,175","20,310","USD","https://d-portal.org/ctrack.html#view=act&aid=XM-DAC-928-JM-2024-25-01.001.AM01.JAM02",2
"XM-DAC-928-JM-2024-25-01.001.AM01.JAM01","Countries enabled to provide high-quality, people-centred health services, based on primary health care strategies and comprehensive essential service packages","World Health Organization (WHO)","337,038",0,"USD","https://d-portal.org/ctrack.html#view=act&aid=XM-DAC-928-JM-2024-25-01.001.AM01.JAM01",2
"XM-DAC-928-JM-2024-25-02.003.AM01.JAM02","Acute health emergencies rapidly responded to, leveraging relevant national and international capacities","World Health Organization (WHO)","68,730",0,"USD","https://d-portal.org/ctrack.html#view=act&aid=XM-DAC-928-JM-2024-25-02.003.AM01.JAM02",2
"XM-DAC-928-JM-2024-25-02.003.AM01.JAM01","Potential health emergencies rapidly detected, and risks assessed and communicated","World Health Organization (WHO)","109,703",0,"USD","https://d-portal.org/ctrack.html#view=act&aid=XM-DAC-928-JM-2024-25-02.003.AM01.JAM01",2
"XM-DAC-928-JM-2024-25-02.002.AM01.JAM03","Mitigate the risk of the emergence and re-emergence of high-threat pathogens and improve pandemic preparedness","World Health Organization (WHO)","59,477","5,563","USD","https://d-portal.org/ctrack.html#view=act&aid=XM-DAC-928-JM-2024-25-02.002.AM01.JAM03",2
"XM-DAC-928-JM-2024-25-02.002.AM01.JAM02","Proven prevention strategies for priority/epidemic-prone diseases implemented at scale","World Health Organization (WHO)","213,458",0,"USD","https://d-portal.org/ctrack.html#view=act&aid=XM-DAC-928-JM-2024-25-02.002.AM01.JAM02",2
"XM-DAC-928-JM-2024-25-02.002.AM01.JAM01","Research agendas, predictive models and innovative tools, products and interventions available for high-threat pathogens","World Health Organization (WHO)","116,311",0,"USD","https://d-portal.org/ctrack.html#view=act&aid=XM-DAC-928-JM-2024-25-02.002.AM01.JAM01",2
"XM-DAC-928-JM-2024-25-02.001.AM01.JAM03","Countries operationally ready to assess and manage identified risks and vulnerabilities","World Health Organization (WHO)","104,416",0,"USD","https://d-portal.org/ctrack.html#view=act&aid=XM-DAC-928-JM-2024-25-02.001.AM01.JAM03",2
"XM-DAC-928-JM-2024-25-02.001.AM01.JAM02","Capacities for emergency preparedness strengthened in all countries","World Health Organization (WHO)","172,484","10,824","USD","https://d-portal.org/ctrack.html#view=act&aid=XM-DAC-928-JM-2024-25-02.001.AM01.JAM02",2
"XM-DAC-928-JM-2024-25-02.001.AM01.JAM01","All-hazards emergency preparedness capacities in countries assessed and reported","World Health Organization (WHO)","145,389","5,396","USD","https://d-portal.org/ctrack.html#view=act&aid=XM-DAC-928-JM-2024-25-02.001.AM01.JAM01",2
"XM-DAC-928-JM-2024-25-01.003.AM01.JAM05","Countries enabled to address antimicrobial resistance through strengthened surveillance systems, laboratory capacity, infection prevention and control, awareness-raising and evidence-based policies and practices","World Health Organization (WHO)","87,233","5,563","USD","https://d-portal.org/ctrack.html#view=act&aid=XM-DAC-928-JM-2024-25-01.003.AM01.JAM05",2
"XI-IATI-EC_INTPA-2023-PC-17688","Design and Implementation of Public Diplomacy and Communication Strategy in Jamaica","European Commission - International Partnerships","474,560","189,824","USD","https://d-portal.org/ctrack.html#view=act&aid=XI-IATI-EC_INTPA-2023-PC-17688",2
"XM-DAC-47066-MD.0037","Mainstreaming Jamaica's National Migration and Development Policy at Local Levels","International Organization for Migration (IOM)","300,000",0,"USD","https://d-portal.org/ctrack.html#view=act&aid=XM-DAC-47066-MD.0037",2
"XM-DAC-41116-PROJECT-02096","International Methane Emissions Observatory","United Nations Environment Programme (UNEP)","3,615,574","3,615,574","USD","https://d-portal.org/ctrack.html#view=act&aid=XM-DAC-41116-PROJECT-02096",2
"XI-IATI-IADB-JA-L1072","Implementation of the National Identification System (NIDS) for Economic Growth","Inter-American Development Bank","38,216,876","38,216,876","USD","https://d-portal.org/ctrack.html#view=act&aid=XI-IATI-IADB-JA-L1072",2
"CA-3-P011284001","Enhancing Ecosystem and Coastal Protection in the Caribbean","Canada - Global Affairs Canada | Affaires mondiales Canada","8,774,675","2,005,672","USD","https://d-portal.org/ctrack.html#view=act&aid=CA-3-P011284001",2
"XI-BRIDGE-6385676864-10289","Supporting Sustainable Transportation through the Shift to Electric Mobility in Jamaica","GEF Secretariat","1,784,862",0,"USD","https://d-portal.org/ctrack.html#view=act&aid=XI-BRIDGE-6385676864-10289",2
"CA-3-P011079001","Caribbean Organizations for a Resilient Environment (CORE)","Canada - Global Affairs Canada | Affaires mondiales Canada","5,849,783","1,096,834","USD","https://d-portal.org/ctrack.html#view=act&aid=CA-3-P011079001",2
"XI-IATI-EC_INTPA-2017-ACT-D-39228-00","Addressing Environmental and Climate Change challenges through Improved Forest Management in Jamaica","European Commission - International Partnerships","19,603,068",0,"USD","https://d-portal.org/ctrack.html#view=act&aid=XI-IATI-EC_INTPA-2017-ACT-D-39228-00",2
"US-GOV-1-720AAD21N00001","USAID redacted this field in accordance with the exceptions outlined in the Foreign Aid Transparency and Accountability Act of 2016.","United States Agency for International Development (USAID)","6,062,759","5,357,061","USD","https://d-portal.org/ctrack.html#view=act&aid=US-GOV-1-720AAD21N00001",2
"US-GOV-12-1131PL22GH51318-145578","Technical Assistance - Jamaica Emergency Communications System Modernization, through Winbourne Consulting, LLC","United States Trade and Development Agency","73,951","73,951","USD","https://d-portal.org/ctrack.html#view=act&aid=US-GOV-12-1131PL22GH51318-145578",3
"US-GOV-12-1131PL22GH51318-145558","Technical Assistance - Emergency Communications System Modernization Technical Assistance, through Enterprise - United States Unknown","United States Trade and Development Agency","739,507",0,"USD","https://d-portal.org/ctrack.html#view=act&aid=US-GOV-12-1131PL22GH51318-145558",3
"US-GOV-12-1131PL22GH51318-145579","Technical Assistance - Jamaica Emergency Communications System Modernization, through Winbourne Consulting, LLC","United States Trade and Development Agency","73,951","73,951","USD","https://d-portal.org/ctrack.html#view=act&aid=US-GOV-12-1131PL22GH51318-145579",3
"XI-BRIDGE-6385676864-9862","Conserving Biodiversity and Reducing Land Degradation Using an Integrated Landscape Approach","GEF Secretariat","6,210,046",0,"USD","https://d-portal.org/ctrack.html#view=act&aid=XI-BRIDGE-6385676864-9862",2
"US-GOV-14-NU2GGH002328-41370","CDC-RFA-GH21-2120 Strengthening Public Health Capacity, Strategic Information Sy","United States Health and Human Services","8,801,373","3,954,966","USD","https://d-portal.org/ctrack.html#view=act&aid=US-GOV-14-NU2GGH002328-41370",3
"US-GOV-14-U91HA06801","Health Systems Strengthening and HIV/AIDS Prevention, Care and Treatment under the President's Emergency Plan for AIDS Relief: International AIDS Education and Training Center","United States Health and Human Services","8,659,654","17,677,646","USD","https://d-portal.org/ctrack.html#view=act&aid=US-GOV-14-U91HA06801",3
"US-GOV-14-21U91HA06801","International AIDS Education and Training Center","United States Health and Human Services","9,584,899","3,401","USD","https://d-portal.org/ctrack.html#view=act&aid=US-GOV-14-21U91HA06801",3
"US-GOV-14-16U91HA06801IA-46165","HRSA: Grant - International AIDS Education and Training Center","United States Health and Human Services","-3,118,549","8,652,949","USD","https://d-portal.org/ctrack.html#view=act&aid=US-GOV-14-16U91HA06801IA-46165",3
"CA-3-P011228001","Enhancing management of disused sealed radioactive sources - phase II","Canada - Global Affairs Canada | Affaires mondiales Canada","7,194,369","7,194,369","USD","https://d-portal.org/ctrack.html#view=act&aid=CA-3-P011228001",2
"XM-DAC-301-2-110166-001","Impact of a psychoeducational intervention on gender norms and mental health outcomes in Jamaican adolescents","Canada - International Development Research Centre/Centre de recherches pour le développement international","41,167","41,167","USD","https://d-portal.org/ctrack.html#view=act&aid=XM-DAC-301-2-110166-001",2
"US-GOV-1-7200AA20F00012","Strengthening Utilities and Promoting Energy Reform (SUPER)","United States Agency for International Development (USAID)","4,922,882","3,051,185","USD","https://d-portal.org/ctrack.html#view=act&aid=US-GOV-1-7200AA20F00012",2
"XM-DAC-41122-Jamaica-2280/A0/06/881/001","CHILD PROTECTION SYSTEM STRENGTHENING","United Nations Children's Fund (UNICEF)","621,206","551,852","USD","https://d-portal.org/ctrack.html#view=act&aid=XM-DAC-41122-Jamaica-2280%2FA0%2F06%2F881%2F001",3
"XM-DAC-41122-Jamaica-2280/A0/06/881/002","GENDER AND SOCIAL NORMS","United Nations Children's Fund (UNICEF)","691,468","466,728","USD","https://d-portal.org/ctrack.html#view=act&aid=XM-DAC-41122-Jamaica-2280%2FA0%2F06%2F881%2F002",3
"XM-DAC-41122-Jamaica-2280/A0/06/882/001","EARLY CHILDHOOD DEVELOPMENT","United Nations Children's Fund (UNICEF)","131,078","111,748","USD","https://d-portal.org/ctrack.html#view=act&aid=XM-DAC-41122-Jamaica-2280%2FA0%2F06%2F882%2F001",3
"XM-DAC-41122-Jamaica-2280/A0/06/882/002","EDUCATION SYSTEM STRENGHTENING","United Nations Children's Fund (UNICEF)","800,762","734,971","USD","https://d-portal.org/ctrack.html#view=act&aid=XM-DAC-41122-Jamaica-2280%2FA0%2F06%2F882%2F002",3
"XM-DAC-41122-Jamaica-2280/A0/06/882/003","SKILLS FOR LIFE AND WORK","United Nations Children's Fund (UNICEF)","475,529","191,587","USD","https://d-portal.org/ctrack.html#view=act&aid=XM-DAC-41122-Jamaica-2280%2FA0%2F06%2F882%2F003",3
"XM-DAC-41122-Jamaica-2280/A0/06/883/001","HEALTHY START IN LIFE","United Nations Children's Fund (UNICEF)","3,863,012","1,664,162","USD","https://d-portal.org/ctrack.html#view=act&aid=XM-DAC-41122-Jamaica-2280%2FA0%2F06%2F883%2F001",3
"XM-DAC-41122-Jamaica-2280/A0/06/883/002","ADOLESCENT HEALTH","United Nations Children's Fund (UNICEF)","1,465,797","1,695,866","USD","https://d-portal.org/ctrack.html#view=act&aid=XM-DAC-41122-Jamaica-2280%2FA0%2F06%2F883%2F002",3
"XM-DAC-41122-Jamaica-2280/A0/06/884/001","SOCIAL PROTECTION","United Nations Children's Fund (UNICEF)","392,624","183,344","USD","https://d-portal.org/ctrack.html#view=act&aid=XM-DAC-41122-Jamaica-2280%2FA0%2F06%2F884%2F001",3
"XM-DAC-41122-Jamaica-2280/A0/06/884/002","PUBLIC FINANCE FOR CHILDREN","United Nations Children's Fund (UNICEF)","504,828","401,118","USD","https://d-portal.org/ctrack.html#view=act&aid=XM-DAC-41122-Jamaica-2280%2FA0%2F06%2F884%2F002",3
"XM-DAC-41122-Jamaica-2280/A0/06/885/001","CLIMATE ACTION","United Nations Children's Fund (UNICEF)","127,514","52,281","USD","https://d-portal.org/ctrack.html#view=act&aid=XM-DAC-41122-Jamaica-2280%2FA0%2F06%2F885%2F001",3
"XM-DAC-41122-Jamaica-2280/A0/06/885/002","RESILIENCE AND DRR","United Nations Children's Fund (UNICEF)","1,130,412","370,438","USD","https://d-portal.org/ctrack.html#view=act&aid=XM-DAC-41122-Jamaica-2280%2FA0%2F06%2F885%2F002",3
"CA-3-P007294001","Cuso International - Volunteer Cooperation 2020-2027","Canada - Global Affairs Canada | Affaires mondiales Canada","39,022,064","18,091,432","USD","https://d-portal.org/ctrack.html#view=act&aid=CA-3-P007294001",2
"CA-3-P011997001","Resilience and Enhanced Adaptability to Disasters in the Caribbean","Canada - Global Affairs Canada | Affaires mondiales Canada","10,968,344","9,505,898","USD","https://d-portal.org/ctrack.html#view=act&aid=CA-3-P011997001",2
"CA-3-P010612001","Strengthening Access, Inclusion and Leadership for SRHR in Jamaica","Canada - Global Affairs Canada | Affaires mondiales Canada","3,641,682","1,822,798","USD","https://d-portal.org/ctrack.html#view=act&aid=CA-3-P010612001",2
"XM-DAC-41122-Jamaica-2280/A0/06/800/001","GOVERNANCE AND SYSTEMS","United Nations Children's Fund (UNICEF)","4,617","4,617","USD","https://d-portal.org/ctrack.html#view=act&aid=XM-DAC-41122-Jamaica-2280%2FA0%2F06%2F800%2F001",1
"XM-DAC-41122-Jamaica-2280/A0/06/800/002","FINANCIAL AND ADMINISTRATIVE MANAGEMENT","United Nations Children's Fund (UNICEF)","4,796","4,796","USD","https://d-portal.org/ctrack.html#view=act&aid=XM-DAC-41122-Jamaica-2280%2FA0%2F06%2F800%2F002",1
"XM-DAC-41122-Jamaica-2280/A0/06/880/003","MONITORING AND EVALUATION","United Nations Children's Fund (UNICEF)","1,048,520","592,059","USD","https://d-portal.org/ctrack.html#view=act&aid=XM-DAC-41122-Jamaica-2280%2FA0%2F06%2F880%2F003",1
"XM-DAC-41122-Jamaica-2280/A0/06/880/004","OPERATIONS SUPPORT COSTS","United Nations Children's Fund (UNICEF)","793,385","462,249","USD","https://d-portal.org/ctrack.html#view=act&aid=XM-DAC-41122-Jamaica-2280%2FA0%2F06%2F880%2F004",1
"XM-DAC-41122-Jamaica-2280/A0/06/880/005","COMMUNICATIONS-ADVOCACY","United Nations Children's Fund (UNICEF)","280,445","207,259","USD","https://d-portal.org/ctrack.html#view=act&aid=XM-DAC-41122-Jamaica-2280%2FA0%2F06%2F880%2F005",1
"XI-IATI-EC_INTPA-2021-PCC-418003","Boosting Innovation, Growth and Entrepreneurship Ecosystems in Jamaica","European Commission - International Partnerships","8,364,924","1,366,736","USD","https://d-portal.org/ctrack.html#view=act&aid=XI-IATI-EC_INTPA-2021-PCC-418003",2
"CA-3-P010434001","WE-Talk for the reduction of gender-based violence","Canada - Global Affairs Canada | Affaires mondiales Canada","3,606,015","1,170,431","USD","https://d-portal.org/ctrack.html#view=act&aid=CA-3-P010434001",2
"XI-IATI-EC_INTPA-2020-PCC-412410","Jamaica Health Services Network Strengthening","European Commission - International Partnerships","12,408,878","307,788","USD","https://d-portal.org/ctrack.html#view=act&aid=XI-IATI-EC_INTPA-2020-PCC-412410",2
"XM-DAC-41301-669884","Jamaica Mangroves Plus: Protection and Sustainable Management of Jamaica`s Mangrove Ecosystems and Biodiversity (FSP)","Food and Agriculture Organization of the United Nations (FAO)","1,648,630",0,"USD","https://d-portal.org/ctrack.html#view=act&aid=XM-DAC-41301-669884",2
"US-GOV-1-72053223CA00001","Supporting Victims of Violence Activity","United States Agency for International Development (USAID)","2,299,999","432,349","USD","https://d-portal.org/ctrack.html#view=act&aid=US-GOV-1-72053223CA00001",2
"XM-DAC-41114-OUTPUT-00127258","Justice Reform","United Nations Development Programme (UNDP)","3,241,095","559,847","USD","https://d-portal.org/ctrack.html#view=act&aid=XM-DAC-41114-OUTPUT-00127258",2
"XM-DAC-41114-PROJECT-00136302","Social Justice Project (So-JUST)","United Nations Development Programme (UNDP)",0,0,"USD","https://d-portal.org/ctrack.html#view=act&aid=XM-DAC-41114-PROJECT-00136302",2
"XI-IATI-EC_INTPA-2022-PC-22691","Programme Estimates EU-Jamaica Cooperation Facility","European Commission - International Partnerships","614,501","202,479","USD","https://d-portal.org/ctrack.html#view=act&aid=XI-IATI-EC_INTPA-2022-PC-22691",2
"US-GOV-1-72053222F00001","CBSI-Jamaica-ESF-Monitoring Evaluation and Learning Support","United States Agency for International Development (USAID)","2,279,704","1,355,353","USD","https://d-portal.org/ctrack.html#view=act&aid=US-GOV-1-72053222F00001",2
"US-GOV-1-7200AA23C00056","Localize Global Health Security (LGHS)","United States Agency for International Development (USAID)","8,718,672","903,866","USD","https://d-portal.org/ctrack.html#view=act&aid=US-GOV-1-7200AA23C00056",2
"US-GOV-2-FCC5322022003","Food for Progress","United States Department of Agriculture","21,970,000","7,708,306","USD","https://d-portal.org/ctrack.html#view=act&aid=US-GOV-2-FCC5322022003",3
"XI-IATI-EC_INTPA-2023-PC-27958","Activity under preparation FWC - EU-Jamaica Cooperation Facility","European Commission - International Partnerships",0,0,"USD","https://d-portal.org/ctrack.html#view=act&aid=XI-IATI-EC_INTPA-2023-PC-27958",1
"XI-IATI-EC_INTPA-2019-ACT-D-42051-00","Programme in Support to Citizen Security in Jamaica","European Commission - International Partnerships","22,225,144",0,"USD","https://d-portal.org/ctrack.html#view=act&aid=XI-IATI-EC_INTPA-2019-ACT-D-42051-00",2
"US-GOV-1-7200AA19CA00002","TMEC: Meeting Targets and Maintaining Epidemic Control (EpiC)","United States Agency for International Development (USAID)","764,467,970","601,215,170","USD","https://d-portal.org/ctrack.html#view=act&aid=US-GOV-1-7200AA19CA00002",2
"XM-DAC-41301-726642","FAO Jamaica - GEF Portfolio Oversight Account","Food and Agriculture Organization of the United Nations (FAO)",1,0,"USD","https://d-portal.org/ctrack.html#view=act&aid=XM-DAC-41301-726642",2
"XI-IATI-EC_INTPA-2024-PC-37656","Activity under preparation The Digital Transitioning Programme for Jamaica (Digital Jamaica)","European Commission - International Partnerships",0,0,"USD","https://d-portal.org/ctrack.html#view=act&aid=XI-IATI-EC_INTPA-2024-PC-37656",1
"GB-GOV-1-301533","Promoting Equalities Regional Programme (PEP-Regional)","UK - Foreign, Commonwealth and Development Office",0,0,"USD","https://d-portal.org/ctrack.html#view=act&aid=GB-GOV-1-301533",2
"CA-3-D000049001","Caribbean Field Support Services","Canada - Global Affairs Canada | Affaires mondiales Canada","8,548,185",0,"USD","https://d-portal.org/ctrack.html#view=act&aid=CA-3-D000049001",2
"XI-IATI-EC_INTPA-2020-ACT-D-42226-00","A Jamaican Path from Hills to Oceans","European Commission - International Partnerships","5,961,127",0,"USD","https://d-portal.org/ctrack.html#view=act&aid=XI-IATI-EC_INTPA-2020-ACT-D-42226-00",2
"XI-IATI-IADB-JA-L1049","Support for the Health Systems Strengthening for the Prevention and Care Management of Non-Communicable Diseases Programme","Inter-American Development Bank","16,786,804","16,786,804","USD","https://d-portal.org/ctrack.html#view=act&aid=XI-IATI-IADB-JA-L1049",2
"CA-3-P010384001","The Social Justice Project (So-JUST)","Canada - Global Affairs Canada | Affaires mondiales Canada","8,831,059","3,674,909","USD","https://d-portal.org/ctrack.html#view=act&aid=CA-3-P010384001",2
"GB-GOV-1-300973","UK-Jamaica Violence Prevention Partnership","UK - Foreign, Commonwealth and Development Office",0,0,"USD","https://d-portal.org/ctrack.html#view=act&aid=GB-GOV-1-300973",2
"GB-GOV-1-300973-402","Support to the Government of Jamaica to enable the design and delivery of a multi-sectoral violence prevention programme.","UK - Foreign, Commonwealth and Development Office",0,0,"USD","https://d-portal.org/ctrack.html#view=act&aid=GB-GOV-1-300973-402",2
"44000-P178595","Jamaica Education Project","The World Bank","30,000,000","75,000","USD","https://d-portal.org/ctrack.html#view=act&aid=44000-P178595",2
"XI-IATI-EC_INTPA-2022-ACT-60692","The Digital Transitioning Programme for Jamaica         (Digital Jamaica)","European Commission - International Partnerships","10,065,113",0,"USD","https://d-portal.org/ctrack.html#view=act&aid=XI-IATI-EC_INTPA-2022-ACT-60692",2
"XM-DAC-41114-OUTPUT-00092206","Phase Out HCFC-UNDP-JAM-00092206","United Nations Development Programme (UNDP)","120,000",0,"USD","https://d-portal.org/ctrack.html#view=act&aid=XM-DAC-41114-OUTPUT-00092206",2
"XM-DAC-41114-PROJECT-00083983","HPMP Phase II","United Nations Development Programme (UNDP)",0,0,"USD","https://d-portal.org/ctrack.html#view=act&aid=XM-DAC-41114-PROJECT-00083983",2
"XM-DAC-41114-OUTPUT-00108943","Engagement Facility","United Nations Development Programme (UNDP)","1,266,352","1,147,088","USD","https://d-portal.org/ctrack.html#view=act&aid=XM-DAC-41114-OUTPUT-00108943",2
"XM-DAC-41149-UNDCO","Resident Coordinator Activities","United Nations Development Coordination Office","6,599,711","143,712,190","USD","https://d-portal.org/ctrack.html#view=act&aid=XM-DAC-41149-UNDCO",2
"47135-PPCRJM505A","Financing water adaptation in Jamaica’s new urban housing sector","Climate Investment Funds",0,0,"USD","https://d-portal.org/ctrack.html#view=act&aid=47135-PPCRJM505A",2
"XI-BRIDGE-6385676864-10114","Global Programme to Support Countries with the Shift to Electric Mobility.","GEF Secretariat",0,0,"USD","https://d-portal.org/ctrack.html#view=act&aid=XI-BRIDGE-6385676864-10114",1
"XI-BRIDGE-6385676864-10211","â€œBE-CLME+â€: Promoting National Blue Economy Priorities Through Marine Spatial Planning in the Caribbean Large Marine Ecosystem Plus","GEF Secretariat","12,444,036",0,"USD","https://d-portal.org/ctrack.html#view=act&aid=XI-BRIDGE-6385676864-10211",1
"XI-BRIDGE-6385676864-10547","Reduce marine plastics and plastic pollution in Latin American and Caribbean cities through a circular economy approach","GEF Secretariat","7,000,000",0,"USD","https://d-portal.org/ctrack.html#view=act&aid=XI-BRIDGE-6385676864-10547",2
"XI-BRIDGE-6385676864-10653","Jamaica Mangroves Plus: Protection and Sustainable Management of Jamaicaâ€™s Mangrove Ecosystems and Biodiversity","GEF Secretariat","1,648,630",0,"USD","https://d-portal.org/ctrack.html#view=act&aid=XI-BRIDGE-6385676864-10653",2
"XI-BRIDGE-6385676864-10810","Eliminating mercury skin lightening products","GEF Secretariat","2,000,000",0,"USD","https://d-portal.org/ctrack.html#view=act&aid=XI-BRIDGE-6385676864-10810",2
"XI-BRIDGE-6385676864-10912","Developing the national ABS legal, policy and institutional framework in Jamaica to effectively implement the Nagoya Protocol","GEF Secretariat","826,697",0,"USD","https://d-portal.org/ctrack.html#view=act&aid=XI-BRIDGE-6385676864-10912",1
"XI-BRIDGE-6385676864-11025","Global Biodiversity Framework Early Action Support (LAC 3)","GEF Secretariat","1,917,811",0,"USD","https://d-portal.org/ctrack.html#view=act&aid=XI-BRIDGE-6385676864-11025",1
"XI-BRIDGE-6385676864-439","Enabling Jamaica to Prepare its First National Communication in Response to its Commitments to UNFCCC","GEF Secretariat","232,780",0,"USD","https://d-portal.org/ctrack.html#view=act&aid=XI-BRIDGE-6385676864-439",2
"47135-XPCRJM072A","Promoting Community-based Climate Resilience in the Fisheries Sector of Jamaica","Climate Investment Funds",0,0,"USD","https://d-portal.org/ctrack.html#view=act&aid=47135-XPCRJM072A",2
"47135-XPCRJM048A","Improving Climate Data and Information Management Project","Climate Investment Funds",0,0,"USD","https://d-portal.org/ctrack.html#view=act&aid=47135-XPCRJM048A",2
"XM-DAC-46012-12793-03","JMMB Bank Partnership","IDB Invest","30,000,000",0,"USD","https://d-portal.org/ctrack.html#view=act&aid=XM-DAC-46012-12793-03",2
"XM-DAC-46012-13385-01","Soleco Energy Jamaica","IDB Invest","11,000,000",0,"USD","https://d-portal.org/ctrack.html#view=act&aid=XM-DAC-46012-13385-01",2
"XM-DAC-46012-14178-01","Jamaica Public Service Company I (JPS I)","IDB Invest","25,000,000",0,"USD","https://d-portal.org/ctrack.html#view=act&aid=XM-DAC-46012-14178-01",2
"XM-DAC-46012-14267-01","JMMB Group Senior Loan Funding","IDB Invest","25,000,000",0,"USD","https://d-portal.org/ctrack.html#view=act&aid=XM-DAC-46012-14267-01",1
"XM-DAC-46012-14556-01","Derrimon Trading Co. Ltd.","IDB Invest","25,000,000",0,"USD","https://d-portal.org/ctrack.html#view=act&aid=XM-DAC-46012-14556-01",2
"XM-DAC-46012-JA3351A-02","Jamaica Broilers II","IDB Invest","84,000,000",0,"USD","https://d-portal.org/ctrack.html#view=act&aid=XM-DAC-46012-JA3351A-02",4
"XM-DAC-46012-JA3363A-01","Golden Grove Sugar Company","IDB Invest","84,000,000",0,"USD","https://d-portal.org/ctrack.html#view=act&aid=XM-DAC-46012-JA3363A-01",4
"XM-DAC-46012-JA3376A-01","Jamaican Teas Limited","IDB Invest","84,000,000",0,"USD","https://d-portal.org/ctrack.html#view=act&aid=XM-DAC-46012-JA3376A-01",4
"XM-DAC-46012-JA3383A-01","Gulfstream Petroleum Jamaica S. de R.L.","IDB Invest","6,750,000",0,"USD","https://d-portal.org/ctrack.html#view=act&aid=XM-DAC-46012-JA3383A-01",2
"XM-DAC-46012-JA3388A-01","Seawind Key Investments Ltd.","IDB Invest","84,000,000",0,"USD","https://d-portal.org/ctrack.html#view=act&aid=XM-DAC-46012-JA3388A-01",4
"XM-DAC-46012-JA3388A-03","Seawind Key Investment Limited","IDB Invest","42,612,100",0,"USD","https://d-portal.org/ctrack.html#view=act&aid=XM-DAC-46012-JA3388A-03",4
"XM-DAC-46012-JA-L1004","First Global Bank Limited TFFP","IDB Invest","78,000,000",0,"USD","https://d-portal.org/ctrack.html#view=act&aid=XM-DAC-46012-JA-L1004",6
"XM-DAC-46012-JA-L1017","First Caribbean International Bank Ltd. - TFFP","IDB Invest","78,000,000",0,"USD","https://d-portal.org/ctrack.html#view=act&aid=XM-DAC-46012-JA-L1017",6
"XM-DAC-46012-JA-L1022","Transjamaican Highway Project","IDB Invest","70,000,000",0,"USD","https://d-portal.org/ctrack.html#view=act&aid=XM-DAC-46012-JA-L1022",4
"XM-DAC-46012-JA-L1045","Caribe Hospitality Kingston","IDB Invest","6,750,000",0,"USD","https://d-portal.org/ctrack.html#view=act&aid=XM-DAC-46012-JA-L1045",4
"XM-DAC-46012-JA-L1054","Kingston Container Terminal Project","IDB Invest","94,000,000",0,"USD","https://d-portal.org/ctrack.html#view=act&aid=XM-DAC-46012-JA-L1054",1
"XM-DAC-46012-JA-X1009","National Commercial Bank Jamaica Ltd TFFP","IDB Invest","192,096,000",0,"USD","https://d-portal.org/ctrack.html#view=act&aid=XM-DAC-46012-JA-X1009",2
"47135-XPCRJM049A","Adaptation Program and Financing Mechanism for the Pilot Program For Climate Resilience Jamaica","Climate Investment Funds",0,0,"USD","https://d-portal.org/ctrack.html#view=act&aid=47135-XPCRJM049A",2
"NL-KVK-27378529-4000002159","Dutch Surge Support (DSS Water)   Phase 2","Netherlands Enterprise Agency (RVO)",0,0,"USD","https://d-portal.org/ctrack.html#view=act&aid=NL-KVK-27378529-4000002159",2
"US-501c3-522318905-SG-P146606","JM (AF) Social Protection","AidData","40,000,000",0,"USD","https://d-portal.org/ctrack.html#view=act&aid=US-501c3-522318905-SG-P146606",2
"US-501c3-522318905-SG-P147074","Early Childhood Development Project","AidData","12,000,000",0,"USD","https://d-portal.org/ctrack.html#view=act&aid=US-501c3-522318905-SG-P147074",2
"US-EIN-300108263-GGProj:17165","Uplift Jamaican Schoolchildren Through Science","GlobalGiving.org","25,618","25,618","USD","https://d-portal.org/ctrack.html#view=act&aid=US-EIN-300108263-GGProj%3A17165",2
"US-EIN-300108263-GGProj:49901","Educate a Jamaican child experiencing poverty","GlobalGiving.org","5,976","5,976","USD","https://d-portal.org/ctrack.html#view=act&aid=US-EIN-300108263-GGProj%3A49901",2
"US-EIN-300108263-GGProj:57100","Educate a child, prevent gender-based violence.","GlobalGiving.org",273,273,"USD","https://d-portal.org/ctrack.html#view=act&aid=US-EIN-300108263-GGProj%3A57100",2
"US-EIN-300108263-GGProj:57736","Help Repair Vital Food Source in Jamaica","GlobalGiving.org","1,525","1,525","USD","https://d-portal.org/ctrack.html#view=act&aid=US-EIN-300108263-GGProj%3A57736",2